Strategy,Final_Return,Final_Value
Cluster Strategy,5.286776124328936,62867.761243289366
Buy & Hold,4.999240622335909,59992.406223359096
