Strategy,Final_Return,Final_Value
Cluster Strategy,26.8568448331041,278568.44833104097
Buy & Hold,960.9780479019532,9619780.479019532
