Strategy,Return,Final_Value
Hybrid (QQQ+TQQQ),176.4260157687652,27642.60157687652
QQQ,125.35565126785704,22535.565126785703
TQQQ,217.3033496338939,[31730.33496339]
