Bucket,Count,Median_Magnitude,Win_Rate,Avg_Return
Bottom 25% (Weakest),332,1.9876657,0.5301204819277109,-0.000884123337086492
25-50%,332,2.252284,0.6385542168674698,0.005689501167060721
50-75%,332,2.5405157,0.5873493975903614,0.00591644669942094
Top 25% (Strongest),332,3.0759773,0.5903614457831325,0.0034764195470091373
