Metric,Value
Strategy_Return,6.138017760168012
BuyHold_Return,12.680761818508257
Outperformance,-6.542744058340245
Total_Trades,109.0
